id,user_id,package_id,name,destination,visit_date,start_from,assigned_to,visit_for,is_customize_request,status,created_at,updated_at
30,1,79,Wava Robel,Lake Ocieview,2015-03-31,South Narcisoshire,rahsaan.kilback@effertz.org,beatae,true,Fraud,2015-04-01 09:48:34 UTC,2015-04-01 09:48:34 UTC
22,1,79,Dr. Dimitri Dibbert,Lemkestad,2015-03-31,South Cassidyfort,yasmine@herzog.net,odit,true,Fraud,2015-04-01 09:48:34 UTC,2015-04-01 09:48:34 UTC
31,1,79,Ms. Colin Buckridge,Dasiashire,2015-03-31,New Casimirshire,beulah@blockdouglas.com,eveniet,true,fugit,2015-04-02 06:40:43 UTC,2015-04-02 06:40:43 UTC
32,1,79,Makayla Stoltenberg Jr.,South Rachel,2015-04-02,Jessicastad,ole@baileykeeling.biz,iusto,true,inventore,2015-04-02 06:40:43 UTC,2015-04-02 06:40:43 UTC
35,1,79,Brad Schowalter II,Lake Jakob,2015-03-31,Wyattberg,garrick@schmidtstroman.com,magnam,true,aspernatur,2015-04-02 06:40:43 UTC,2015-04-02 06:40:43 UTC
36,1,79,Dr. Dexter Reichert,Ebonyton,2015-04-02,Kulastown,loren_kreiger@ricecole.com,odit,true,minima,2015-04-02 06:40:43 UTC,2015-04-02 06:40:43 UTC
37,1,79,Garrett MacGyver,Morarmouth,2015-04-02,West Carlotta,justine@schamberger.org,veniam,true,praesentium,2015-04-02 06:40:43 UTC,2015-04-02 06:40:43 UTC
38,1,79,Savion McGlynn,West Jettie,2015-04-02,Hoegerville,willie@gleichner.net,ut,true,error,2015-04-02 06:40:43 UTC,2015-04-02 06:40:43 UTC
39,1,79,Gene Walter,West Madelinebury,2015-03-31,South Greenville,jarret_nader@welcholson.info,nihil,true,animi,2015-04-02 06:40:43 UTC,2015-04-02 06:40:43 UTC
40,1,79,Cali Swift,Jakubowskiville,2015-04-01,Abbotttown,reese@aufderhartowne.biz,ab,true,vitae,2015-04-02 06:40:43 UTC,2015-04-02 06:40:43 UTC
33,1,79,Ms. Brionna Harris,Andersonstad,2015-04-01,Gutkowskiville,pietro@goodwinkertzmann.info,nam,true,Unassigned,2015-04-02 06:40:43 UTC,2015-04-02 06:40:43 UTC
34,1,79,Sandrine McLaughlin,Laurianeport,2015-04-02,West Lindsay,jed@corwin.net,et,true,Unassigned,2015-04-02 06:40:43 UTC,2015-04-02 06:40:43 UTC
